--
-- PostgreSQL database dump
--

-- Dumped from database version 12.9 (Ubuntu 12.9-2.pgdg20.04+1)
-- Dumped by pg_dump version 12.9 (Ubuntu 12.9-2.pgdg20.04+1)

SET statement_timeout = 0;
SET lock_timeout = 0;
SET idle_in_transaction_session_timeout = 0;
SET client_encoding = 'UTF8';
SET standard_conforming_strings = on;
SELECT pg_catalog.set_config('search_path', '', false);
SET check_function_bodies = false;
SET xmloption = content;
SET client_min_messages = warning;
SET row_security = off;

DROP DATABASE universe;
--
-- Name: universe; Type: DATABASE; Schema: -; Owner: freecodecamp
--

CREATE DATABASE universe WITH TEMPLATE = template0 ENCODING = 'UTF8' LC_COLLATE = 'C.UTF-8' LC_CTYPE = 'C.UTF-8';


ALTER DATABASE universe OWNER TO freecodecamp;

\connect universe

SET statement_timeout = 0;
SET lock_timeout = 0;
SET idle_in_transaction_session_timeout = 0;
SET client_encoding = 'UTF8';
SET standard_conforming_strings = on;
SELECT pg_catalog.set_config('search_path', '', false);
SET check_function_bodies = false;
SET xmloption = content;
SET client_min_messages = warning;
SET row_security = off;

SET default_tablespace = '';

SET default_table_access_method = heap;

--
-- Name: constellation; Type: TABLE; Schema: public; Owner: freecodecamp
--

CREATE TABLE public.constellation (
    constellation_id integer NOT NULL,
    name character varying NOT NULL,
    description text,
    is_visible boolean NOT NULL
);


ALTER TABLE public.constellation OWNER TO freecodecamp;

--
-- Name: constellation_constellation_id_seq; Type: SEQUENCE; Schema: public; Owner: freecodecamp
--

CREATE SEQUENCE public.constellation_constellation_id_seq
    AS integer
    START WITH 1
    INCREMENT BY 1
    NO MINVALUE
    NO MAXVALUE
    CACHE 1;


ALTER TABLE public.constellation_constellation_id_seq OWNER TO freecodecamp;

--
-- Name: constellation_constellation_id_seq; Type: SEQUENCE OWNED BY; Schema: public; Owner: freecodecamp
--

ALTER SEQUENCE public.constellation_constellation_id_seq OWNED BY public.constellation.constellation_id;


--
-- Name: galaxy; Type: TABLE; Schema: public; Owner: freecodecamp
--

CREATE TABLE public.galaxy (
    galaxy_id integer NOT NULL,
    name character varying NOT NULL,
    description text,
    has_black_hole boolean NOT NULL,
    radius integer
);


ALTER TABLE public.galaxy OWNER TO freecodecamp;

--
-- Name: galaxy_galaxy_id_seq; Type: SEQUENCE; Schema: public; Owner: freecodecamp
--

CREATE SEQUENCE public.galaxy_galaxy_id_seq
    AS integer
    START WITH 1
    INCREMENT BY 1
    NO MINVALUE
    NO MAXVALUE
    CACHE 1;


ALTER TABLE public.galaxy_galaxy_id_seq OWNER TO freecodecamp;

--
-- Name: galaxy_galaxy_id_seq; Type: SEQUENCE OWNED BY; Schema: public; Owner: freecodecamp
--

ALTER SEQUENCE public.galaxy_galaxy_id_seq OWNED BY public.galaxy.galaxy_id;


--
-- Name: moon; Type: TABLE; Schema: public; Owner: freecodecamp
--

CREATE TABLE public.moon (
    moon_id integer NOT NULL,
    name character varying NOT NULL,
    planet_id integer NOT NULL,
    distance_from_planet integer NOT NULL,
    is_habitable boolean NOT NULL
);


ALTER TABLE public.moon OWNER TO freecodecamp;

--
-- Name: moon_moon_id_seq; Type: SEQUENCE; Schema: public; Owner: freecodecamp
--

CREATE SEQUENCE public.moon_moon_id_seq
    AS integer
    START WITH 1
    INCREMENT BY 1
    NO MINVALUE
    NO MAXVALUE
    CACHE 1;


ALTER TABLE public.moon_moon_id_seq OWNER TO freecodecamp;

--
-- Name: moon_moon_id_seq; Type: SEQUENCE OWNED BY; Schema: public; Owner: freecodecamp
--

ALTER SEQUENCE public.moon_moon_id_seq OWNED BY public.moon.moon_id;


--
-- Name: planet; Type: TABLE; Schema: public; Owner: freecodecamp
--

CREATE TABLE public.planet (
    planet_id integer NOT NULL,
    name character varying NOT NULL,
    star_id integer NOT NULL,
    mass numeric NOT NULL,
    radius integer NOT NULL,
    is_habitable boolean NOT NULL
);


ALTER TABLE public.planet OWNER TO freecodecamp;

--
-- Name: planet_planet_id_seq; Type: SEQUENCE; Schema: public; Owner: freecodecamp
--

CREATE SEQUENCE public.planet_planet_id_seq
    AS integer
    START WITH 1
    INCREMENT BY 1
    NO MINVALUE
    NO MAXVALUE
    CACHE 1;


ALTER TABLE public.planet_planet_id_seq OWNER TO freecodecamp;

--
-- Name: planet_planet_id_seq; Type: SEQUENCE OWNED BY; Schema: public; Owner: freecodecamp
--

ALTER SEQUENCE public.planet_planet_id_seq OWNED BY public.planet.planet_id;


--
-- Name: star; Type: TABLE; Schema: public; Owner: freecodecamp
--

CREATE TABLE public.star (
    star_id integer NOT NULL,
    name character varying NOT NULL,
    galaxy_id integer NOT NULL,
    spectral_type character varying,
    temperature integer NOT NULL,
    is_supernova boolean NOT NULL,
    constellation_id integer
);


ALTER TABLE public.star OWNER TO freecodecamp;

--
-- Name: star_star_id_seq; Type: SEQUENCE; Schema: public; Owner: freecodecamp
--

CREATE SEQUENCE public.star_star_id_seq
    AS integer
    START WITH 1
    INCREMENT BY 1
    NO MINVALUE
    NO MAXVALUE
    CACHE 1;


ALTER TABLE public.star_star_id_seq OWNER TO freecodecamp;

--
-- Name: star_star_id_seq; Type: SEQUENCE OWNED BY; Schema: public; Owner: freecodecamp
--

ALTER SEQUENCE public.star_star_id_seq OWNED BY public.star.star_id;


--
-- Name: constellation constellation_id; Type: DEFAULT; Schema: public; Owner: freecodecamp
--

ALTER TABLE ONLY public.constellation ALTER COLUMN constellation_id SET DEFAULT nextval('public.constellation_constellation_id_seq'::regclass);


--
-- Name: galaxy galaxy_id; Type: DEFAULT; Schema: public; Owner: freecodecamp
--

ALTER TABLE ONLY public.galaxy ALTER COLUMN galaxy_id SET DEFAULT nextval('public.galaxy_galaxy_id_seq'::regclass);


--
-- Name: moon moon_id; Type: DEFAULT; Schema: public; Owner: freecodecamp
--

ALTER TABLE ONLY public.moon ALTER COLUMN moon_id SET DEFAULT nextval('public.moon_moon_id_seq'::regclass);


--
-- Name: planet planet_id; Type: DEFAULT; Schema: public; Owner: freecodecamp
--

ALTER TABLE ONLY public.planet ALTER COLUMN planet_id SET DEFAULT nextval('public.planet_planet_id_seq'::regclass);


--
-- Name: star star_id; Type: DEFAULT; Schema: public; Owner: freecodecamp
--

ALTER TABLE ONLY public.star ALTER COLUMN star_id SET DEFAULT nextval('public.star_star_id_seq'::regclass);


--
-- Data for Name: constellation; Type: TABLE DATA; Schema: public; Owner: freecodecamp
--

INSERT INTO public.constellation VALUES (1, 'Orion', 'A prominent constellation located on the celestial equator', true);
INSERT INTO public.constellation VALUES (2, 'Ursa Major', 'A constellation containing the Big Dipper', true);
INSERT INTO public.constellation VALUES (3, 'Leo', 'A constellation of the zodiac', true);


--
-- Data for Name: galaxy; Type: TABLE DATA; Schema: public; Owner: freecodecamp
--

INSERT INTO public.galaxy VALUES (1, 'Milky Way', 'A barred spiral galaxy', true, NULL);
INSERT INTO public.galaxy VALUES (2, 'Andromeda', 'A spiral galaxy', false, NULL);
INSERT INTO public.galaxy VALUES (3, 'Whirlpool', 'A grand-design spiral galaxy', false, NULL);
INSERT INTO public.galaxy VALUES (4, 'Triangulum', 'A spiral galaxy', false, NULL);
INSERT INTO public.galaxy VALUES (5, 'Centaurus A', 'An elliptical galaxy', false, NULL);
INSERT INTO public.galaxy VALUES (6, 'Sombrero', 'A spiral galaxy', false, NULL);


--
-- Data for Name: moon; Type: TABLE DATA; Schema: public; Owner: freecodecamp
--

INSERT INTO public.moon VALUES (1, 'Luna', 1, 384400, false);
INSERT INTO public.moon VALUES (2, 'Phobos', 2, 9377, false);
INSERT INTO public.moon VALUES (3, 'Deimos', 2, 23460, false);
INSERT INTO public.moon VALUES (4, 'Ganymede', 4, 1070400, false);
INSERT INTO public.moon VALUES (5, 'Titan', 5, 1221870, false);
INSERT INTO public.moon VALUES (6, 'Triton', 6, 354759, false);
INSERT INTO public.moon VALUES (7, 'Europa', 1, 671034, true);
INSERT INTO public.moon VALUES (8, 'Enceladus', 5, 238037, true);
INSERT INTO public.moon VALUES (9, 'Io', 1, 421700, false);
INSERT INTO public.moon VALUES (10, 'Callisto', 4, 1882700, false);
INSERT INTO public.moon VALUES (11, 'Oberon', 3, 583520, false);
INSERT INTO public.moon VALUES (12, 'Larissa', 6, 73548, false);
INSERT INTO public.moon VALUES (13, 'Rhea', 5, 527108, false);
INSERT INTO public.moon VALUES (14, 'Dione', 5, 377396, false);
INSERT INTO public.moon VALUES (15, 'Titania', 3, 435840, false);
INSERT INTO public.moon VALUES (16, 'Charon', 2, 17500, false);
INSERT INTO public.moon VALUES (17, 'Ariel', 3, 191020, false);
INSERT INTO public.moon VALUES (18, 'Umbriel', 3, 266300, false);
INSERT INTO public.moon VALUES (19, 'Miranda', 2, 129390, false);
INSERT INTO public.moon VALUES (20, 'Tethys', 5, 294619, false);


--
-- Data for Name: planet; Type: TABLE DATA; Schema: public; Owner: freecodecamp
--

INSERT INTO public.planet VALUES (1, 'Earth', 1, 5.97, 6371, true);
INSERT INTO public.planet VALUES (2, 'Mars', 1, 0.64171, 3389, false);
INSERT INTO public.planet VALUES (3, 'Venus', 1, 4.867, 6052, false);
INSERT INTO public.planet VALUES (4, 'Jupiter', 2, 1898, 69911, false);
INSERT INTO public.planet VALUES (5, 'Saturn', 2, 568, 58232, false);
INSERT INTO public.planet VALUES (6, 'Neptune', 4, 102.4, 24622, false);
INSERT INTO public.planet VALUES (7, 'Kepler-452b', 6, 4.18, 6371, true);
INSERT INTO public.planet VALUES (8, 'HD 189733b', 3, 1.13, 80500, false);
INSERT INTO public.planet VALUES (9, 'Gliese 581g', 6, 4.3, 15700, true);
INSERT INTO public.planet VALUES (10, 'TRAPPIST-1d', 5, 0.297, 5847, true);
INSERT INTO public.planet VALUES (11, 'HD 209458b', 3, 0.485, 156000, false);
INSERT INTO public.planet VALUES (12, 'Proxima Centauri b', 5, 1.3, 118600, true);


--
-- Data for Name: star; Type: TABLE DATA; Schema: public; Owner: freecodecamp
--

INSERT INTO public.star VALUES (1, 'Sun', 1, 'G2V', 5778, false, NULL);
INSERT INTO public.star VALUES (2, 'Betelgeuse', 2, 'M1Ib', 3600, false, NULL);
INSERT INTO public.star VALUES (3, 'Vega', 1, 'A0Va', 9600, false, NULL);
INSERT INTO public.star VALUES (4, 'Rigel', 2, 'B8Ia', 11000, false, NULL);
INSERT INTO public.star VALUES (5, 'Proxima Centauri', 5, 'M5Ve', 3042, false, NULL);
INSERT INTO public.star VALUES (6, 'Alpha Centauri A', 5, 'G2V', 5790, false, NULL);


--
-- Name: constellation_constellation_id_seq; Type: SEQUENCE SET; Schema: public; Owner: freecodecamp
--

SELECT pg_catalog.setval('public.constellation_constellation_id_seq', 3, true);


--
-- Name: galaxy_galaxy_id_seq; Type: SEQUENCE SET; Schema: public; Owner: freecodecamp
--

SELECT pg_catalog.setval('public.galaxy_galaxy_id_seq', 6, true);


--
-- Name: moon_moon_id_seq; Type: SEQUENCE SET; Schema: public; Owner: freecodecamp
--

SELECT pg_catalog.setval('public.moon_moon_id_seq', 20, true);


--
-- Name: planet_planet_id_seq; Type: SEQUENCE SET; Schema: public; Owner: freecodecamp
--

SELECT pg_catalog.setval('public.planet_planet_id_seq', 12, true);


--
-- Name: star_star_id_seq; Type: SEQUENCE SET; Schema: public; Owner: freecodecamp
--

SELECT pg_catalog.setval('public.star_star_id_seq', 6, true);


--
-- Name: constellation constellation_name_key; Type: CONSTRAINT; Schema: public; Owner: freecodecamp
--

ALTER TABLE ONLY public.constellation
    ADD CONSTRAINT constellation_name_key UNIQUE (name);


--
-- Name: constellation constellation_pkey; Type: CONSTRAINT; Schema: public; Owner: freecodecamp
--

ALTER TABLE ONLY public.constellation
    ADD CONSTRAINT constellation_pkey PRIMARY KEY (constellation_id);


--
-- Name: galaxy galaxy_name_key; Type: CONSTRAINT; Schema: public; Owner: freecodecamp
--

ALTER TABLE ONLY public.galaxy
    ADD CONSTRAINT galaxy_name_key UNIQUE (name);


--
-- Name: galaxy galaxy_pkey; Type: CONSTRAINT; Schema: public; Owner: freecodecamp
--

ALTER TABLE ONLY public.galaxy
    ADD CONSTRAINT galaxy_pkey PRIMARY KEY (galaxy_id);


--
-- Name: moon moon_name_key; Type: CONSTRAINT; Schema: public; Owner: freecodecamp
--

ALTER TABLE ONLY public.moon
    ADD CONSTRAINT moon_name_key UNIQUE (name);


--
-- Name: moon moon_pkey; Type: CONSTRAINT; Schema: public; Owner: freecodecamp
--

ALTER TABLE ONLY public.moon
    ADD CONSTRAINT moon_pkey PRIMARY KEY (moon_id);


--
-- Name: planet planet_name_key; Type: CONSTRAINT; Schema: public; Owner: freecodecamp
--

ALTER TABLE ONLY public.planet
    ADD CONSTRAINT planet_name_key UNIQUE (name);


--
-- Name: planet planet_pkey; Type: CONSTRAINT; Schema: public; Owner: freecodecamp
--

ALTER TABLE ONLY public.planet
    ADD CONSTRAINT planet_pkey PRIMARY KEY (planet_id);


--
-- Name: star star_name_key; Type: CONSTRAINT; Schema: public; Owner: freecodecamp
--

ALTER TABLE ONLY public.star
    ADD CONSTRAINT star_name_key UNIQUE (name);


--
-- Name: star star_pkey; Type: CONSTRAINT; Schema: public; Owner: freecodecamp
--

ALTER TABLE ONLY public.star
    ADD CONSTRAINT star_pkey PRIMARY KEY (star_id);


--
-- Name: moon moon_planet_id_fkey; Type: FK CONSTRAINT; Schema: public; Owner: freecodecamp
--

ALTER TABLE ONLY public.moon
    ADD CONSTRAINT moon_planet_id_fkey FOREIGN KEY (planet_id) REFERENCES public.planet(planet_id);


--
-- Name: planet planet_star_id_fkey; Type: FK CONSTRAINT; Schema: public; Owner: freecodecamp
--

ALTER TABLE ONLY public.planet
    ADD CONSTRAINT planet_star_id_fkey FOREIGN KEY (star_id) REFERENCES public.star(star_id);


--
-- Name: star star_constellation_id_fkey; Type: FK CONSTRAINT; Schema: public; Owner: freecodecamp
--

ALTER TABLE ONLY public.star
    ADD CONSTRAINT star_constellation_id_fkey FOREIGN KEY (constellation_id) REFERENCES public.constellation(constellation_id);


--
-- Name: star star_galaxy_id_fkey; Type: FK CONSTRAINT; Schema: public; Owner: freecodecamp
--

ALTER TABLE ONLY public.star
    ADD CONSTRAINT star_galaxy_id_fkey FOREIGN KEY (galaxy_id) REFERENCES public.galaxy(galaxy_id);


--
-- PostgreSQL database dump complete
--

